{"USD_BRL":5.610696,"GBP_BRL":7.260494}